animal,contrast,genotype,0.2,0.5,0.8
CSP003,-1.0,C,0.8414918414918415,0.957345971563981,0.9494949494949495
CSP003,-0.25,C,0.7218045112781954,0.8222222222222222,0.8874066168623266
CSP003,-0.125,C,0.6274038461538461,0.6875,0.8237885462555066
CSP003,-0.0625,C,0.5121951219512195,0.6018518518518519,0.7315175097276264
CSP003,0.0,C,0.6852035749751738,0.530952380952381,0.5031789282470481
CSP003,0.0625,C,0.8614823815309842,0.6590909090909091,0.6777777777777778
CSP003,0.125,C,0.9055299539170507,0.8,0.7743362831858407
CSP003,0.25,C,0.9220072551390568,0.8,0.8535031847133758
CSP003,1.0,C,0.9653755868544601,0.9195979899497487,0.9105145413870246
CSP004,-1.0,C,0.8947368421052632,0.9306930693069307,0.9577677224736049
CSP004,-0.25,C,0.8146067415730337,0.8024691358024691,0.9173669467787114
CSP004,-0.125,C,0.7674418604651163,0.8514851485148515,0.894134477825465
CSP004,-0.0625,C,0.7222222222222222,0.7555555555555555,0.8690140845070422
CSP004,0.0,C,0.4891540130151844,0.47953216374269003,0.693491124260355
CSP004,0.0625,C,0.6941678520625889,0.5851063829787234,0.5573770491803278
CSP004,0.125,C,0.8888888888888888,0.7666666666666667,0.7747252747252747
CSP004,0.25,C,0.9590973201692524,0.9120879120879121,0.9137931034482759
CSP004,1.0,C,0.9946595460614153,0.9753086419753086,0.9792746113989638
CSP011,-1.0,C,0.9392523364485982,0.9471153846153846,0.9843924191750278
CSP011,-0.25,C,0.845360824742268,0.6612903225806451,0.9294377067254685
CSP011,-0.125,C,0.6334841628959276,0.46938775510204084,0.8212669683257918
CSP011,-0.0625,C,0.375609756097561,0.20618556701030927,0.6128668171557562
CSP011,0.0,C,0.7788808664259927,0.5012987012987012,0.26545454545454544
CSP011,0.0625,C,0.9506037321624589,0.9278846153846154,0.8731343283582089
CSP011,0.125,C,0.9634146341463414,0.9365853658536586,0.8530805687203792
CSP011,0.25,C,0.9534342258440046,0.9326923076923077,0.8603603603603603
CSP011,1.0,C,0.9518779342723005,0.9526315789473684,0.8475336322869955
CSP013,-1.0,C,0.9676375404530745,0.9658536585365853,0.9723289777094543
CSP013,-0.25,C,0.9545454545454546,0.9414414414414415,0.9500805152979066
CSP013,-0.125,C,0.939799331103679,0.9120370370370371,0.9363057324840764
CSP013,-0.0625,C,0.8664596273291926,0.7722772277227723,0.8856695379796398
CSP013,0.0,C,0.5830039525691699,0.5205811138014528,0.5416393442622951
CSP013,0.0625,C,0.8665581773799838,0.7735849056603774,0.8468468468468469
CSP013,0.125,C,0.9098294069861901,0.845771144278607,0.8909657320872274
CSP013,0.25,C,0.9528535980148883,0.8731707317073171,0.9202453987730062
CSP013,1.0,C,0.9597423510466989,0.9690721649484536,0.9580645161290322
CSP015,-1.0,C,0.9157894736842105,0.9736842105263158,0.9907749077490775
CSP015,-0.25,C,0.85,0.948051948051948,0.9719789842381786
CSP015,-0.125,C,0.7672413793103449,0.8666666666666667,0.9147121535181236
CSP015,-0.0625,C,0.5428571428571428,0.6413043478260869,0.7610294117647058
CSP015,0.0,C,0.6639004149377593,0.5352941176470588,0.4781906300484653
CSP015,0.0625,C,0.8820754716981132,0.7590361445783133,0.680327868852459
CSP015,0.125,C,0.9008264462809917,0.8170731707317073,0.7246376811594203
CSP015,0.25,C,0.928388746803069,0.8028169014084507,0.6666666666666666
CSP015,1.0,C,0.9263959390862944,0.7738095238095238,0.8251748251748252
CSP017,-1.0,C,0.9690721649484536,0.9545454545454546,0.9741100323624595
CSP017,-0.25,C,0.861271676300578,0.8484848484848485,0.891846921797005
CSP017,-0.125,C,0.7647058823529411,0.853448275862069,0.8727858293075684
CSP017,-0.0625,C,0.6820809248554913,0.7807017543859649,0.7682333873581848
CSP017,0.0,C,0.6154734411085451,0.5221674876847291,0.5588615782664942
CSP017,0.0625,C,0.8642951251646904,0.7372881355932204,0.8270676691729323
CSP017,0.125,C,0.8865671641791045,0.8378378378378378,0.8869047619047619
CSP017,0.25,C,0.9519650655021834,0.8524590163934426,0.9583333333333334
CSP017,1.0,C,0.9541420118343196,0.9770114942528736,0.9852941176470589
CSP023,-1.0,C,0.9719626168224299,0.943089430894309,0.9257142857142857
CSP023,-0.25,C,0.8934010152284264,0.9066666666666666,0.9151832460732985
CSP023,-0.125,C,0.8672566371681416,0.927536231884058,0.8910994764397906
CSP023,-0.0625,C,0.7008547008547008,0.7054263565891473,0.8472686733556298
CSP023,0.0,C,0.5437881873727087,0.5153846153846153,0.5791044776119403
CSP023,0.0625,C,0.7768052516411379,0.6692913385826772,0.6597510373443983
CSP023,0.125,C,0.8618090452261307,0.7931034482758621,0.7972972972972973
CSP023,0.25,C,0.9302059496567505,0.9,0.8697916666666666
CSP023,1.0,C,0.975,0.9873417721518988,0.9736842105263158
CSP025,-1.0,C,0.984251968503937,0.9893617021276596,0.9833333333333333
CSP025,-0.25,C,0.9906976744186047,0.9883040935672515,0.9761634506242906
CSP025,-0.125,C,0.9671361502347418,0.9649122807017544,0.9738933030646992
CSP025,-0.0625,C,0.9624413145539906,0.946236559139785,0.9666666666666667
CSP025,0.0,C,0.3432282003710575,0.47752808988764045,0.6593406593406593
CSP025,0.0625,C,0.8690744920993227,0.7,0.7906976744186046
CSP025,0.125,C,0.9287383177570093,0.8114285714285714,0.8925233644859814
CSP025,0.25,C,0.9261363636363636,0.8430232558139535,0.9047619047619048
CSP025,1.0,C,0.9498806682577565,0.9402985074626866,0.9459459459459459
FMR009,-1.0,F,0.8333333333333334,0.9111111111111111,0.9604938271604938
FMR009,-0.25,F,0.7029702970297029,0.7692307692307693,0.8725961538461539
FMR009,-0.125,F,0.5948275862068966,0.7125,0.8545454545454545
FMR009,-0.0625,F,0.4423076923076923,0.5,0.7321428571428571
FMR009,0.0,F,0.6067019400352733,0.5165562913907285,0.5357798165137615
FMR009,0.0625,F,0.854586129753915,0.6818181818181818,0.6371681415929203
FMR009,0.125,F,0.9474885844748858,0.7411764705882353,0.7052631578947368
FMR009,0.25,F,0.9414519906323185,0.8181818181818182,0.75
FMR009,1.0,F,0.9659090909090909,0.881578947368421,0.9090909090909091
FMR010,-1.0,F,0.9722222222222222,0.9824561403508771,0.9928825622775801
FMR010,-0.25,F,0.9180327868852459,0.9519230769230769,0.9718574108818011
FMR010,-0.125,F,0.8403361344537815,0.9122807017543859,0.9466666666666667
FMR010,-0.0625,F,0.6796116504854369,0.7589285714285714,0.8759124087591241
FMR010,0.0,F,0.7118320610687023,0.42073170731707316,0.3935599284436494
FMR010,0.0625,F,0.9012096774193549,0.9217391304347826,0.7697841726618705
FMR010,0.125,F,0.9053117782909931,0.872,0.8031496062992126
FMR010,0.25,F,0.9144736842105263,0.868421052631579,0.732824427480916
FMR010,1.0,F,0.918580375782881,0.8898305084745762,0.7552447552447552
FMR011,-1.0,F,0.9285714285714286,0.9259259259259259,0.9803220035778175
FMR011,-0.25,F,0.9328358208955224,0.9076923076923077,0.9417808219178082
FMR011,-0.125,F,0.8913043478260869,0.8899082568807339,0.9120287253141831
FMR011,-0.0625,F,0.8524590163934426,0.6974789915966386,0.8386524822695035
FMR011,0.0,F,0.5217391304347826,0.43333333333333335,0.5591572123176661
FMR011,0.0625,F,0.7585513078470825,0.76,0.7272727272727273
FMR011,0.125,F,0.8343313373253493,0.7798165137614679,0.7214285714285714
FMR011,0.25,F,0.8813229571984436,0.907563025210084,0.8357142857142857
FMR011,1.0,F,0.9049586776859504,0.9245283018867925,0.8633093525179856
FMR012,-1.0,F,0.9393939393939394,1.0,0.9690721649484536
FMR012,-0.25,F,0.8676470588235294,0.9875,0.9238754325259516
FMR012,-0.125,F,0.875,0.835820895522388,0.8512110726643599
FMR012,-0.0625,F,0.7205882352941176,0.7818181818181819,0.7325581395348837
FMR012,0.0,F,0.723342939481268,0.5454545454545454,0.3674698795180723
FMR012,0.0625,F,0.8934707903780069,0.7692307692307693,0.8378378378378378
FMR012,0.125,F,0.9163498098859315,0.8032786885245902,0.8214285714285714
FMR012,0.25,F,0.9114391143911439,0.859375,0.9186046511627907
FMR012,1.0,F,0.953405017921147,0.8873239436619719,0.875
FMR014,-1.0,F,0.8378378378378378,0.9178082191780822,0.9285714285714286
FMR014,-0.25,F,0.7631578947368421,0.9202898550724637,0.8915159944367177
FMR014,-0.125,F,0.7484662576687117,0.8686131386861314,0.875
FMR014,-0.0625,F,0.6804733727810651,0.9130434782608695,0.8330893118594437
FMR014,0.0,F,0.6831432192648923,0.45410628019323673,0.44726810673443457
FMR014,0.0625,F,0.9011976047904192,0.8409090909090909,0.8580645161290322
FMR014,0.125,F,0.9428989751098097,0.8518518518518519,0.9
FMR014,0.25,F,0.9310344827586207,0.8702290076335878,0.9112426035502958
FMR014,1.0,F,0.962536023054755,0.9243697478991597,0.9375
FMR015,-1.0,F,0.9794520547945206,0.9928057553956835,0.9862174578866769
FMR015,-0.25,F,0.96,0.9785714285714285,0.9687010954616588
FMR015,-0.125,F,0.9661016949152542,0.9230769230769231,0.9593984962406015
FMR015,-0.0625,F,0.9123711340206185,0.8671875,0.9192073170731707
FMR015,0.0,F,0.4281729428172943,0.5387931034482759,0.6464924346629987
FMR015,0.0625,F,0.7937411095305832,0.7133333333333334,0.6944444444444444
FMR015,0.125,F,0.8954802259887006,0.8611111111111112,0.8592592592592593
FMR015,0.25,F,0.9273255813953488,0.9006211180124224,0.8823529411764706
FMR015,1.0,F,0.9632352941176471,0.9603174603174603,0.9575757575757575
FMR019,-1.0,F,0.9689265536723164,0.9711191335740073,0.9709257842387146
FMR019,-0.25,F,0.9539295392953929,0.9371069182389937,0.9524886877828054
FMR019,-0.125,F,0.9049079754601227,0.8523489932885906,0.894484412470024
FMR019,-0.0625,F,0.7936507936507936,0.703971119133574,0.8091190108191654
FMR019,0.0,F,0.6522568340750159,0.5360443622920518,0.435611038107753
FMR019,0.0625,F,0.8537931034482759,0.7508305647840532,0.79375
FMR019,0.125,F,0.9147169811320754,0.852233676975945,0.8972809667673716
FMR019,0.25,F,0.9371345029239766,0.9181494661921709,0.9429530201342282
FMR019,1.0,F,0.9635687732342008,0.972972972972973,0.9450171821305842
FMR020,-1.0,F,0.9594594594594594,0.9213483146067416,0.9815078236130867
FMR020,-0.25,F,0.9333333333333333,0.9065420560747663,0.9676985195154778
FMR020,-0.125,F,0.7804878048780488,0.7473684210526316,0.9307909604519774
FMR020,-0.0625,F,0.7361963190184049,0.8165137614678899,0.9051321928460342
FMR020,0.0,F,0.5078864353312302,0.5251396648044693,0.6493150684931507
FMR020,0.0625,F,0.7737909516380655,0.504950495049505,0.562874251497006
FMR020,0.125,F,0.883248730964467,0.8217821782178217,0.7790697674418605
FMR020,0.25,F,0.9429967426710097,0.8990825688073395,0.8853503184713376
FMR020,1.0,F,0.9872813990461049,0.96,0.9329608938547486
FMR024,-1.0,F,0.979253112033195,0.9743589743589743,0.9805924412665986
FMR024,-0.25,F,0.9467213114754098,0.946078431372549,0.9665683382497542
FMR024,-0.125,F,0.9152542372881356,0.9405405405405406,0.9378757515030061
FMR024,-0.0625,F,0.8181818181818182,0.8440366972477065,0.8760245901639344
FMR024,0.0,F,0.5684210526315789,0.49184782608695654,0.5932642487046632
FMR024,0.0625,F,0.8509127789046653,0.7711442786069652,0.7198443579766537
FMR024,0.125,F,0.9078014184397163,0.9267015706806283,0.8041666666666667
FMR024,0.25,F,0.9173469387755102,0.9414634146341463,0.8600823045267489
FMR024,1.0,F,0.9472140762463344,0.9859154929577465,0.95
NYU-08,-1.0,N,0.8840579710144928,0.9142857142857143,0.9676165803108808
NYU-08,-0.25,N,0.825,0.8653846153846154,0.94921875
NYU-08,-0.125,N,0.7163461538461539,0.8712121212121212,0.9272959183673469
NYU-08,-0.0625,N,0.6825396825396826,0.7272727272727273,0.9070847851335656
NYU-08,0.0,N,0.5111561866125761,0.5174825174825175,0.7027300303336703
NYU-08,0.0625,N,0.7913340935005702,0.6,0.4898989898989899
NYU-08,0.125,N,0.8574850299401198,0.7426470588235294,0.6354679802955665
NYU-08,0.25,N,0.9157175398633257,0.8410596026490066,0.7789473684210526
NYU-08,1.0,N,0.9684848484848485,0.9668874172185431,0.890625
NYU-28,-1.0,N,0.9354838709677419,0.96,0.9600725952813067
NYU-28,-0.25,N,0.8616071428571429,0.9315789473684211,0.9184043517679057
NYU-28,-0.125,N,0.7805755395683454,0.8522167487684729,0.8829225352112676
NYU-28,-0.0625,N,0.6744186046511628,0.5962732919254659,0.7991071428571429
NYU-28,0.0,N,0.6370967741935484,0.5469613259668509,0.5275157232704403
NYU-28,0.0625,N,0.8648925281473899,0.7112299465240641,0.6958174904942965
NYU-28,0.125,N,0.9312820512820513,0.883248730964467,0.856655290102389
NYU-28,0.25,N,0.9626865671641791,0.9010989010989011,0.8764044943820225
NYU-28,1.0,N,0.990205680705191,0.9519230769230769,0.966542750929368
NYU-31,-1.0,N,0.98,0.9583333333333334,0.9883040935672515
NYU-31,-0.25,N,0.9186046511627907,0.948051948051948,0.9366391184573003
NYU-31,-0.125,N,0.8461538461538461,0.7777777777777778,0.924198250728863
NYU-31,-0.0625,N,0.7325581395348837,0.8,0.8034682080924855
NYU-31,0.0,N,0.6779661016949152,0.5594405594405595,0.3978260869565217
NYU-31,0.0625,N,0.8056338028169014,0.6666666666666666,0.7093023255813954
NYU-31,0.125,N,0.8157894736842105,0.7536231884057971,0.7333333333333333
NYU-31,0.25,N,0.8660968660968661,0.7083333333333334,0.8045977011494253
NYU-31,1.0,N,0.8898305084745762,0.7887323943661971,0.7831325301204819
NYU-32,-1.0,N,0.8584070796460177,0.9444444444444444,0.9414893617021277
NYU-32,-0.25,N,0.7291666666666666,0.6741573033707865,0.7846534653465347
NYU-32,-0.125,N,0.5436893203883495,0.5657894736842105,0.6657534246575343
NYU-32,-0.0625,N,0.36363636363636365,0.35365853658536583,0.5320855614973262
NYU-32,0.0,N,0.7474120082815735,0.45161290322580644,0.327313769751693
NYU-32,0.0625,N,0.9575,0.813953488372093,0.8947368421052632
NYU-32,0.125,N,0.9282511210762332,0.9375,0.8842105263157894
NYU-32,0.25,N,0.95,0.972972972972973,0.9418604651162791
NYU-32,1.0,N,0.9565217391304348,0.9487179487179487,0.9263157894736842
NYU-38,-1.0,N,0.8205128205128205,0.821917808219178,0.9550561797752809
NYU-38,-0.25,N,0.7959183673469388,0.7241379310344828,0.911578947368421
NYU-38,-0.125,N,0.6403508771929824,0.7037037037037037,0.8508403361344538
NYU-38,-0.0625,N,0.5086206896551724,0.5853658536585366,0.7864923747276689
NYU-38,0.0,N,0.5247148288973384,0.5405405405405406,0.6058700209643606
NYU-38,0.0625,N,0.7024608501118568,0.5555555555555556,0.5473684210526316
NYU-38,0.125,N,0.838495575221239,0.7228915662650602,0.6869565217391305
NYU-38,0.25,N,0.9274725274725275,0.8918918918918919,0.8476190476190476
NYU-38,1.0,N,0.9696969696969697,0.9518072289156626,0.9658119658119658
NYU-41,-1.0,N,0.944,0.963963963963964,0.9618055555555556
NYU-41,-0.25,N,0.9246575342465754,0.9067796610169492,0.9351145038167938
NYU-41,-0.125,N,0.8805970149253731,0.9107142857142857,0.8561643835616438
NYU-41,-0.0625,N,0.7132867132867133,0.7542372881355932,0.7951388888888888
NYU-41,0.0,N,0.6379821958456974,0.5707070707070707,0.48554913294797686
NYU-41,0.0625,N,0.8792184724689165,0.8141592920353983,0.7307692307692307
NYU-41,0.125,N,0.9405772495755518,0.9009009009009009,0.8896103896103896
NYU-41,0.25,N,0.95,0.9009009009009009,0.8832116788321168
NYU-41,1.0,N,0.9845360824742269,0.9431818181818182,0.935251798561151
NYU-42,-1.0,N,0.9402173913043478,0.9722222222222222,0.9759903961584634
NYU-42,-0.25,N,0.8967391304347826,0.9253731343283582,0.9642365887207703
NYU-42,-0.125,N,0.8134715025906736,0.8802816901408451,0.95
NYU-42,-0.0625,N,0.8134715025906736,0.8796992481203008,0.9122137404580153
NYU-42,0.0,N,0.43491735537190085,0.49812734082397003,0.70995670995671
NYU-42,0.0625,N,0.7243994943109987,0.6143790849673203,0.41304347826086957
NYU-42,0.125,N,0.8367593712212817,0.7094017094017094,0.5591397849462365
NYU-42,0.25,N,0.8954703832752613,0.813953488372093,0.7028571428571428
NYU-42,1.0,N,0.9456118665018541,0.9007633587786259,0.8873873873873874
NYU-43,-1.0,N,0.9538461538461539,0.9502262443438914,0.9808764940239044
NYU-43,-0.25,N,0.864406779661017,0.8398058252427184,0.9505882352941176
NYU-43,-0.125,N,0.7833935018050542,0.6923076923076923,0.9192789968652038
NYU-43,-0.0625,N,0.5480427046263345,0.6,0.8283582089552238
NYU-43,0.0,N,0.625,0.5076923076923077,0.5711297071129707
NYU-43,0.0625,N,0.841506129597198,0.7476635514018691,0.5719424460431655
NYU-43,0.125,N,0.9080357142857143,0.7777777777777778,0.7039473684210527
NYU-43,0.25,N,0.9252506836827712,0.8811881188118812,0.7203947368421053
NYU-43,1.0,N,0.9616122840690979,0.9411764705882353,0.8727272727272727
NYU-44,-1.0,N,0.9711538461538461,0.9762845849802372,0.9896661367249603
NYU-44,-0.25,N,0.956081081081081,0.943089430894309,0.9744718309859155
NYU-44,-0.125,N,0.9216300940438872,0.9,0.9486271036315324
NYU-44,-0.0625,N,0.8061224489795918,0.8095238095238095,0.9051651143099069
NYU-44,0.0,N,0.5841059602649007,0.5424836601307189,0.5882352941176471
NYU-44,0.0625,N,0.8710667689946278,0.6150442477876106,0.6616766467065869
NYU-44,0.125,N,0.9228971962616822,0.7830188679245284,0.7712418300653595
NYU-44,0.25,N,0.9424168694241687,0.8260869565217391,0.8380952380952381
NYU-44,1.0,N,0.96328125,0.9421487603305785,0.9080882352941176
NYU-49,-1.0,N,0.9642857142857143,0.9791666666666666,0.9535962877030162
NYU-49,-0.25,N,0.8817204301075269,0.9405940594059405,0.9193899782135077
NYU-49,-0.125,N,0.8461538461538461,0.826530612244898,0.9145496535796767
NYU-49,-0.0625,N,0.6910569105691057,0.7222222222222222,0.8576998050682261
NYU-49,0.0,N,0.5835010060362174,0.4968944099378882,0.6052141527001862
NYU-49,0.0625,N,0.7995824634655533,0.7126436781609196,0.6120689655172413
NYU-49,0.125,N,0.8403755868544601,0.8709677419354839,0.7203389830508474
NYU-49,0.25,N,0.9256594724220624,0.9036144578313253,0.8660714285714286
NYU-49,1.0,N,0.9616306954436451,0.945054945054945,0.935251798561151
SH002,-1.0,S,0.8980582524271845,0.9345794392523364,0.9586028460543338
SH002,-0.25,S,0.8251121076233184,0.8461538461538461,0.951048951048951
SH002,-0.125,S,0.7808219178082192,0.8415841584158416,0.9569377990430622
SH002,-0.0625,S,0.7945205479452054,0.8425925925925926,0.9558652729384437
SH002,0.0,S,0.31464737793851716,0.494949494949495,0.7358490566037735
SH002,0.0625,S,0.4457274826789838,0.38144329896907214,0.264
SH002,0.125,S,0.6390532544378699,0.5227272727272727,0.497737556561086
SH002,0.25,S,0.835990888382688,0.7835051546391752,0.7635467980295566
SH002,1.0,S,0.9481743227326266,0.9333333333333333,0.8959276018099548
SH004,-1.0,S,0.88,0.9444444444444444,0.9826086956521739
SH004,-0.25,S,0.8484848484848485,1.0,0.940677966101695
SH004,-0.125,S,0.9375,0.8571428571428571,0.9009009009009009
SH004,-0.0625,S,0.8666666666666667,0.9047619047619048,0.9051724137931034
SH004,0.0,S,0.3333333333333333,0.4878048780487805,0.7115384615384616
SH004,0.0625,S,0.43564356435643564,0.2727272727272727,0.3333333333333333
SH004,0.125,S,0.7357142857142858,0.5294117647058824,0.44
SH004,0.25,S,0.9056603773584906,0.65,0.7941176470588235
SH004,1.0,S,0.9464285714285714,0.95,0.8846153846153846
SH006,-1.0,S,0.9215686274509803,1.0,0.952191235059761
SH006,-0.25,S,0.898989898989899,0.8629032258064516,0.9147121535181236
SH006,-0.125,S,0.8108108108108109,0.8061224489795918,0.8627450980392157
SH006,-0.0625,S,0.5583333333333333,0.6306306306306306,0.7483731019522777
SH006,0.0,S,0.536779324055666,0.46710526315789475,0.548936170212766
SH006,0.0625,S,0.8126195028680688,0.6415094339622641,0.5470085470085471
SH006,0.125,S,0.8960176991150443,0.8636363636363636,0.7580645161290323
SH006,0.25,S,0.95662100456621,0.93,0.8686868686868687
SH006,1.0,S,0.9807280513918629,0.956989247311828,0.9457364341085271
SH008,-1.0,S,0.9855072463768116,0.971830985915493,0.9938650306748467
SH008,-0.25,S,0.8533333333333334,0.8428571428571429,0.9333333333333333
SH008,-0.125,S,0.78125,0.5283018867924528,0.8383233532934131
SH008,-0.0625,S,0.4098360655737705,0.32727272727272727,0.547112462006079
SH008,0.0,S,0.6762177650429799,0.5423728813559322,0.3333333333333333
SH008,0.0625,S,0.9057750759878419,0.9420289855072463,0.7590361445783133
SH008,0.125,S,0.9140127388535032,0.9024390243902439,0.8591549295774648
SH008,0.25,S,0.8976897689768977,0.9107142857142857,0.8051948051948052
SH008,1.0,S,0.9069767441860465,0.9107142857142857,0.8316831683168316
SH013,-1.0,S,0.9261744966442953,0.9305555555555556,0.944
SH013,-0.25,S,0.7837837837837838,0.8712121212121212,0.9036918138041734
SH013,-0.125,S,0.5945945945945946,0.6666666666666666,0.8407960199004975
SH013,-0.0625,S,0.47651006711409394,0.5739130434782609,0.7173202614379085
SH013,0.0,S,0.62625,0.5111111111111111,0.5615183246073299
SH013,0.0625,S,0.8394863563402889,0.6218487394957983,0.5857142857142857
SH013,0.125,S,0.9100145137880987,0.7251908396946565,0.8170731707317073
SH013,0.25,S,0.9697428139183056,0.9099099099099099,0.8516483516483516
SH013,1.0,S,0.9788838612368024,0.9076923076923077,0.9673202614379085
SH014,-1.0,S,0.972972972972973,0.9907407407407407,0.9679389312977099
SH014,-0.25,S,0.9221556886227545,0.89,0.9554234769687965
SH014,-0.125,S,0.8819875776397516,0.803030303030303,0.9211309523809523
SH014,-0.0625,S,0.8269230769230769,0.5947712418300654,0.8799368088467614
SH014,0.0,S,0.6092233009708737,0.4956140350877193,0.48516129032258065
SH014,0.0625,S,0.869894099848714,0.864,0.7668711656441718
SH014,0.125,S,0.9232,0.9064748201438849,0.8390804597701149
SH014,0.25,S,0.9521531100478469,0.952054794520548,0.9515151515151515
SH014,1.0,S,0.9856,0.9844961240310077,0.972972972972973
SH015,-1.0,S,0.8099173553719008,0.845360824742268,0.9639278557114228
SH015,-0.25,S,0.7413793103448276,0.75,0.8793103448275862
SH015,-0.125,S,0.5555555555555556,0.6756756756756757,0.8657587548638133
SH015,-0.0625,S,0.5333333333333333,0.6385542168674698,0.7905660377358491
SH015,0.0,S,0.5564648117839607,0.5161290322580645,0.6269113149847095
SH015,0.0625,S,0.7855579868708972,0.5425531914893617,0.5339805825242718
SH015,0.125,S,0.8916155419222904,0.6276595744680851,0.7073170731707317
SH015,0.25,S,0.9507042253521126,0.8333333333333334,0.8897058823529411
SH015,1.0,S,0.9634146341463414,0.90625,0.9487179487179487
SH016,-1.0,S,1.0,1.0,1.0
SH016,-0.25,S,0.8,0.9166666666666666,0.896551724137931
SH016,-0.125,S,0.3,0.5555555555555556,0.7058823529411765
SH016,-0.0625,S,0.1111111111111111,0.2,0.6904761904761905
SH016,0.0,S,0.625,0.5333333333333333,0.5272727272727272
SH016,0.0625,S,0.6666666666666666,0.5555555555555556,0.2857142857142857
SH016,0.125,S,0.5294117647058824,0.7777777777777778,0.7692307692307693
SH016,0.25,S,0.7777777777777778,0.8571428571428571,0.3333333333333333
SH016,1.0,S,0.8076923076923077,0.8,0.4
SH017,-1.0,S,0.9953488372093023,0.9921875,0.9941792782305006
SH017,-0.25,S,0.9587155963302753,0.9848484848484849,0.9775280898876404
SH017,-0.125,S,0.956140350877193,0.972972972972973,0.9692982456140351
SH017,-0.0625,S,0.8815165876777251,0.7950819672131147,0.9372246696035242
SH017,0.0,S,0.590285110876452,0.48484848484848486,0.5725338491295938
SH017,0.0625,S,0.8470290771175727,0.8428571428571429,0.7836538461538461
SH017,0.125,S,0.8890339425587467,0.9097744360902256,0.861244019138756
SH017,0.25,S,0.942998760842627,0.9090909090909091,0.9487179487179487
SH017,1.0,S,0.9715302491103203,0.9735099337748344,0.9871244635193133
